<application>
  <component name="LafManager">
    <laf themeId="OCEANIC" />
    <lafs-to-previous-schemes>
      <laf-to-scheme laf="CUSTOM" scheme="Material Oceanic" />
      <laf-to-scheme laf="Darcula" scheme="_@user_Material Oceanic" />
      <laf-to-scheme laf="ExperimentalDark" scheme="Material Oceanic" />
      <laf-to-scheme laf="Light" scheme="_@user_Light" />
      <laf-to-scheme laf="Light with Light Header" scheme="_@user_Light" />
      <laf-to-scheme laf="Material Lighter" scheme="_@user_Material Lighter" />
    </lafs-to-previous-schemes>
  </component>
</application>