<application>
  <component name="MarkdownApplicationSettings">
    <MarkdownCssSettings StylesheetUri="jar:file:/D:/Program%20Files%20(x86)/IntelliJ%20IDEA%202016.3/plugins/markdown/lib/markdown.jar!/org/intellij/plugins/markdown/settings/darcula.css" />
    <MarkdownPreviewSettings>
      <HtmlPanelProviderInfo>
        <ProviderInfo name="JavaFX WebView" className="org.intellij.plugins.markdown.ui.preview.javafx.JavaFxHtmlPanelProvider" />
      </HtmlPanelProviderInfo>
    </MarkdownPreviewSettings>
  </component>
</application>