<application>
  <component name="MaterialThemeNewConfig">
    <option name="accentState">
      <MTAccentConfigState>
        <option name="accentColorHex" value="00ffff" />
        <option name="overrideAccentColor" value="false" />
      </MTAccentConfigState>
    </option>
    <option name="customThemeState">
      <MTCustomThemeConfigState>
        <option name="borderColorHex" value="2a373e" />
        <option name="buttonColorHex" value="2e3c43" />
        <option name="contrastColorHex" value="1e272c" />
        <option name="excludedColorHex" value="2e3c43" />
        <option name="foregroundColorHex" value="b0bec5" />
        <option name="highlightColorHex" value="425b67" />
        <option name="secondBackgroundColorHex" value="32424a" />
        <option name="selectionBackgroundColorHex" value="546e7a" />
        <option name="selectionForegroundColorHex" value="ffffff" />
        <option name="textColorHex" value="607d8b" />
        <option name="treeColorHex" value="546e7a" />
      </MTCustomThemeConfigState>
    </option>
    <option name="lightCustomThemeState">
      <MTLightCustomThemeConfigState>
        <option name="accentColorHex" value="009688" />
        <option name="activeColorHex" value="314549" />
        <option name="backgroundColorHex" value="263238" />
        <option name="borderColorHex" value="2a373e" />
        <option name="buttonColorHex" value="2e3c43" />
        <option name="colorScheme" value="Material Oceanic" />
        <option name="contrastColorHex" value="1e272c" />
        <option name="disabledColorHex" value="415967" />
        <option name="excludedColorHex" value="2e3c43" />
        <option name="foregroundColorHex" value="b0bec5" />
        <option name="highlightColorHex" value="425b67" />
        <option name="notificationColorHex" value="323232" />
        <option name="secondBackgroundColorHex" value="32424a" />
        <option name="selectionBackgroundColorHex" value="546e7a" />
        <option name="selectionForegroundColorHex" value="ffffff" />
        <option name="textColorHex" value="607d8b" />
        <option name="treeColorHex" value="546e7a" />
      </MTLightCustomThemeConfigState>
    </option>
    <option name="metadata">
      <MTMetadataState>
        <option name="migrated" value="true" />
        <option name="pristineConfig" value="false" />
        <option name="userId" value="1fbc4c67:18c952c0cf5:-8000" />
        <option name="version" value="9.3.1" />
        <option name="wizardShown" value="true" />
      </MTMetadataState>
    </option>
    <option name="otherTweaksState">
      <MTOtherTweaksConfigState>
        <option name="showWhatsNew" value="false" />
        <option name="showWizardOnWelcome" value="false" />
      </MTOtherTweaksConfigState>
    </option>
    <option name="titleBarState">
      <MTTitleBarConfigState>
        <option name="customTitle" value="{file}" />
        <option name="useColoredTitleBar" value="false" />
        <option name="useProjectIcon" value="false" />
        <option name="useProjectTitle" value="false" />
      </MTTitleBarConfigState>
    </option>
  </component>
</application>