<application>
  <component name="MaterialThemeConfig">
    <option name="isWizardShown" value="true" />
    <option name="isShowWizardOnWelcome" value="false" />
    <option name="overrideAccentColor" value="false" />
    <option name="pristineConfig" value="false" />
    <option name="settingsSelectedTab" value="6" />
    <option name="accentColor" value="00ffff" />
    <option name="secondAccentColor" />
    <option name="highlightColor" />
    <option name="focusColor" />
    <option name="userId" value="1fbc4c67:18c952c0cf5:-8000" />
    <option name="version" value="8.13.2" />
  </component>
</application>