<application>
  <component name="UpdatesConfigurable">
    <option name="CHECK_NEEDED" value="false" />
    <ignoredBuildNumbers>
      <item value="203.7717.56" />
      <item value="203.7148.57" />
      <item value="203.8084.24" />
      <item value="211.7142.45" />
      <item value="211.6693.111" />
      <item value="212.4746.92" />
      <item value="212.5080.55" />
      <item value="212.5284.40" />
      <item value="212.5457.46" />
      <item value="213.5744.223" />
      <item value="212.5712.43" />
    </ignoredBuildNumbers>
    <option name="LAST_BUILD_CHECKED" value="IU-233.13135.103" />
    <option name="LAST_TIME_CHECKED" value="1703309726196" />
    <option name="OBSOLETE_CUSTOM_REPOSITORIES_CLEAN_NEEDED" value="false" />
    <option name="THIRD_PARTY_PLUGINS_ALLOWED" value="true" />
    <option name="WHATS_NEW_SHOWN_FOR" value="233" />
  </component>
</application>