<application>
  <component name="AppStorage">
    <option name="newTranslationDialogWidth" value="578" />
    <option name="newTranslationDialogX" value="826" />
    <option name="newTranslationDialogY" value="449" />
    <option name="pinTranslationDialog" value="true" />
    <histories>
      <item value="是否首次登录强制修改密码" />
      <item value="parse" />
      <item value="content" />
      <item value="position" />
      <item value="标注" />
      <item value="unique" />
      <item value="未知" />
      <item value="ongoing" />
      <item value="入库失败" />
      <item value="库失败" />
      <item value="入库成功" />
      <item value="入库中" />
      <item value="syncing" />
      <item value="柱状图" />
      <item value="适配" />
      <item value="adaption" />
      <item value="adapt" />
      <item value="密文" />
      <item value="密钥" />
      <item value="Nonce" />
      <item value="是否" />
      <item value="exists" />
      <item value="exist" />
      <item value="生成" />
      <item value="绝对" />
      <item value="suffix" />
      <item value="私有" />
      <item value="公开" />
      <item value="permit" />
      <item value="层级" />
      <item value="关系层级" />
      <item value="pathology" />
      <item value="bulk" />
      <item value="composite" />
      <item value="Identifier" />
      <item value="verify" />
      <item value="Modal" />
      <item value="Polymorphism" />
      <item value="polymorphism" />
      <item value="指标" />
      <item value="首页" />
      <item value="Malformed" />
      <item value="permission" />
      <item value="approve" />
      <item value="审批" />
      <item value="Multi" />
      <item value="Ambiguous" />
      <item value="匿名" />
      <item value="明文" />
      <item value="Plain" />
    </histories>
    <option name="languageScores">
      <map>
        <entry key="CHINESE" value="822" />
        <entry key="ENGLISH" value="823" />
        <entry key="DANISH" value="3" />
        <entry key="GERMAN" value="2" />
        <entry key="RUSSIAN" value="1" />
        <entry key="FRENCH" value="6" />
        <entry key="LATIN" value="3" />
        <entry key="ROMANIAN" value="1" />
        <entry key="BENGALI" value="1" />
        <entry key="NORWEGIAN" value="2" />
        <entry key="JAPANESE" value="3" />
        <entry key="WELSH" value="1" />
        <entry key="SPANISH" value="1" />
        <entry key="GREEK" value="1" />
        <entry key="ITALIAN" value="1" />
        <entry key="HINDI" value="1" />
        <entry key="INDONESIAN" value="1" />
      </map>
    </option>
  </component>
  <component name="Cache">
    <option name="lastTrimTime" value="1663985219609" />
  </component>
  <component name="Settings">
    <option name="googleTranslateSettings">
      <google-translate>
        <option name="primaryLanguage" value="CHINESE" />
      </google-translate>
    </option>
    <option name="translateDocumentation" value="true" />
  </component>
  <component name="Translation.Cache">
    <option name="lastTrimTime" value="1702262867247" />
  </component>
  <component name="Translation.Settings">
    <option name="aliTranslateSettings">
      <app-key>
        <option name="appId" value="LTAI5tRzBniueUeQNaDNe6vV" />
      </app-key>
    </option>
    <option name="primaryLanguage" value="ENGLISH" />
    <option name="targetLanguageSelection" value="LAST" />
    <option name="translator" value="YOUDAO" />
    <option name="youdaoTranslateSettings">
      <youdao-translate>
        <option name="appId" value="2f061287f5e383e1" />
      </youdao-translate>
    </option>
  </component>
  <component name="Translation.States">
    <option name="newTranslationDialogCollapseDictViewer" value="false" />
    <option name="newTranslationDialogHeight" value="260" />
    <option name="newTranslationDialogWidth" value="568" />
    <option name="newTranslationDialogX" value="794" />
    <option name="newTranslationDialogY" value="451" />
    <option name="pinTranslationDialog" value="true" />
    <histories>
      <item value="医师资格证" />
      <item value="医师执业证" />
      <item value="头像" />
      <item value="After Sale" />
      <item value="批待审" />
      <item value="is Not Owed" />
      <item value="Owed" />
      <item value="Apply" />
      <item value="tenancy" />
      <item value="Integration" />
      <item value="统计患者数" />
      <item value="incubating" />
      <item value="Generic" />
      <item value="Scenario" />
      <item value="精确" />
      <item value="精确匹配" />
      <item value="aggregation" />
      <item value="HODLER" />
      <item value="Select some attachments to pass to next hop. These attachments can fetch from RpcContext.getServerAttachment() or user defined. Returns: attachment pass to next hop" />
      <item value="Thread local context. (API, ThreadLocal, ThreadSafe) Note: RpcContext is a temporary state holder. States in RpcContext changes every time when request is sent or received. There are four kinds of RpcContext, which are ServerContext, ClientAttachment, ServerAttachment and ServiceContext. ServiceContext: Using to pass environment parameters in the whole invocation. For example, `remotingApplicationName`, `remoteAddress`, etc. RpcServiceContext ClientAttachment, ServerAttachment and ServiceContext are using to transfer attachments. Imaging a situation like this, A is calling B, and B will call C, after that, B wants to return some attachments back to A. ClientAttachment is using to pass attachments to next hop as a consumer. ( A --&gt; B , in A side) ServerAttachment is using to fetch attachments from previous hop as a provider. ( A --&gt; B , in B side) ServerContext is using to return some attachments back to client as a provider. ( A &lt;-- B , in B side) The reason why using `ServiceContext` is to make API compatible with previous." />
      <item value="composite" />
      <item value="Retrieves and removes the head of this queue, waiting up to the specified wait time if necessary for an element to become available." />
      <item value="poll" />
      <item value="initialized" />
      <item value="已初始化" />
      <item value="Despite circular references being allowed" />
      <item value="Invoke the specified consumer with the bound value, or do nothing if no value has been bound" />
      <item value="Three step initialization that accounts for the clean up of the logging context before initialization. Spring Boot doesn't initialize a logging system that hasn't had this sequence applied" />
      <item value="decorate" />
      <item value="SmartApplicationListener used to trigger EnvironmentPostProcessors registered in the spring.factories file." />
      <item value="Only copy the default property source(s) and the profiles over from the main environment (everything else should be pristine, just like it was on startup)." />
      <item value="captured" />
      <item value="Don't use ConfigurableEnvironment.merge() in case there are clashes with property source names" />
      <item value="Detect" />
      <item value="detecter" />
      <item value="detect" />
      <item value="探测" />
      <item value="SpringApplication cannot deduce the MainApplicationClass here if it is booted from SpringBootServletInitializer due to the absense of the &quot;main&quot; method in stackTraces. But luckily this method's second parameter &quot;application&quot; here carries the real MainApplicationClass which has been explicitly set by SpringBootServletInitializer itself already." />
      <item value="absense" />
      <item value="deduce" />
      <item value="A contributor with ConfigData imported from another contributor that has been." />
      <item value="contributors" />
      <item value="Simple detection for well known cloud platforms. Detection can be forced using the &quot;spring.main.cloud-platform&quot; configuration property." />
      <item value="Populate the bean instance in the given BeanWrapper with the property values from the bean definition" />
      <item value="Conversion" />
      <item value="precedence" />
      <item value="Customize the set of property sources with those appropriate for any standard Java environment: &quot;systemProperties&quot; &quot;systemEnvironment&quot; Properties present in &quot;systemProperties&quot; will take precedence over those in &quot;systemEnvironment&quot;." />
      <item value="Mutable" />
      <item value="locate Collection" />
      <item value="Collection" />
    </histories>
    <option name="languageScores">
      <map>
        <entry key="CHINESE" value="265" />
        <entry key="CZECH" value="1" />
        <entry key="DANISH" value="1" />
        <entry key="DUTCH" value="1" />
        <entry key="ENGLISH" value="263" />
        <entry key="FILIPINO" value="2" />
        <entry key="FRENCH" value="1" />
        <entry key="JAPANESE" value="1" />
        <entry key="KOREAN" value="1" />
        <entry key="LATIN" value="1" />
        <entry key="RUSSIAN" value="1" />
        <entry key="SUNDANESE" value="1" />
      </map>
    </option>
  </component>
</application>