<application>
  <component name="Translation.Cache">
    <option name="lastTrimTime" value="1719200067346" />
  </component>
  <component name="Translation.Settings">
    <option name="aliTranslateSettings">
      <app-key>
        <option name="appId" value="LTAI5tKXg1uHCS7bqWvYVojY" />
      </app-key>
    </option>
    <option name="baiduTranslateSettings">
      <app-key>
        <option name="appId" value="20230626001724834" />
      </app-key>
    </option>
    <option name="keepFormat" value="true" />
    <option name="primaryFontPreviewText" value="海内存知己&#10;天涯若比邻" />
    <option name="primaryLanguage" value="ENGLISH" />
    <option name="targetLanguageSelection" value="LAST" />
    <option name="translateDocumentation" value="true" />
    <option name="youdaoTranslateSettings">
      <youdao-translate>
        <option name="appId" value="2f061287f5e383e1" />
      </youdao-translate>
    </option>
  </component>
  <component name="Translation.States">
    <option name="pinTranslationDialog" value="true" />
    <option name="translationDialogHeight" value="260" />
    <option name="translationDialogLocationX" value="521" />
    <option name="translationDialogLocationY" value="359" />
    <histories>
      <item value="黑名单" />
      <item value="upsert" />
      <item value="supervision" />
      <item value="Tick" />
      <item value="Recessive" />
      <item value="completable future" />
      <item value="Arbitrary-arity" />
      <item value="Regular" />
      <item value="disting" />
      <item value="入组完成后的后续功能" />
      <item value="is exists clinical path" />
      <item value="is exists clinic path" />
      <item value="入组" />
      <item value="是否入组路径列表标识" />
      <item value="旧值" />
      <item value="运营" />
      <item value="运营部门" />
      <item value="原文" />
      <item value="invalid" />
      <item value="是否立即返回需求清单信息" />
      <item value="文章" />
      <item value="deactivate" />
      <item value="Quality" />
      <item value="异常" />
      <item value="abnormal" />
      <item value="DRUG" />
      <item value="其他药品" />
      <item value="签名图片ID" />
      <item value="supplementary" />
      <item value="conversions" />
      <item value="literals" />
      <item value="Sys User" />
      <item value="fluent" />
      <item value="MEMBER CUSTOMER" />
      <item value="头像" />
      <item value="User" />
      <item value="service" />
      <item value="原订单" />
      <item value="订单关闭" />
      <item value="custom" />
      <item value="短信" />
      <item value="消息接收者" />
      <item value="decorate" />
      <item value="Intrinsic" />
      <item value="companion" />
      <item value="恢复库存" />
      <item value="新增库存" />
      <item value="重排序" />
      <item value="未知" />
      <item value="修改库存" />
    </histories>
    <option name="languageScores">
      <map>
        <entry key="CHINESE" value="139" />
        <entry key="ENGLISH" value="139" />
        <entry key="FRENCH" value="1" />
        <entry key="GREEK" value="1" />
        <entry key="JAPANESE" value="5" />
        <entry key="ROMANIAN" value="1" />
      </map>
    </option>
  </component>
</application>