<application>
  <component name="Translation.Cache">
    <option name="lastTrimTime" value="1711680141650" />
  </component>
  <component name="Translation.Settings">
    <option name="aliTranslateSettings">
      <app-key>
        <option name="appId" value="LTAI5tKXg1uHCS7bqWvYVojY" />
      </app-key>
    </option>
    <option name="baiduTranslateSettings">
      <app-key>
        <option name="appId" value="20230626001724834" />
      </app-key>
    </option>
    <option name="keepFormat" value="true" />
    <option name="primaryLanguage" value="ENGLISH" />
    <option name="targetLanguageSelection" value="LAST" />
    <option name="translateDocumentation" value="true" />
    <option name="youdaoTranslateSettings">
      <youdao-translate>
        <option name="appId" value="2f061287f5e383e1" />
      </youdao-translate>
    </option>
  </component>
  <component name="Translation.States">
    <option name="pinTranslationDialog" value="true" />
    <histories>
      <item value="短信" />
      <item value="消息接收者" />
      <item value="decorate" />
      <item value="Intrinsic" />
      <item value="companion" />
      <item value="恢复库存" />
      <item value="新增库存" />
      <item value="重排序" />
      <item value="未知" />
      <item value="修改库存" />
      <item value="verbose" />
      <item value="If decryption fails, it is more secure not to return any &#10;             information about the cause in nested exceptions. Simply fail." />
      <item value="Asymmetric" />
      <item value="数量有变化" />
      <item value="PRINT" />
      <item value="处方" />
      <item value="回调" />
      <item value="p&gt;@description 企业微信 - 外部联系人相关接口 &lt;p&gt;&#10; &#10;  @author &lt;a href=&quot;mailto:hejianying@aidcloud.com&quot;&gt;hejianying&lt;a&gt;&#10;  @version 1.0.0&#10;  @date 2023-05-24&#10;  @since JDK1.8+" />
      <item value="supports" />
      <item value="处方审核" />
      <item value="最新状态" />
      <item value="Arith" />
      <item value="Waybill" />
      <item value="非法的身份证号" />
      <item value="Flag" />
      <item value="receipting" />
      <item value="state" />
      <item value="system" />
      <item value="keywords" />
      <item value="receipt" />
      <item value="receiving" />
      <item value="shelve" />
      <item value="payer Total" />
      <item value="昨日" />
      <item value="PHARMACY" />
      <item value="select" />
      <item value="insufficient" />
      <item value="insufficien" />
      <item value="sentinel" />
      <item value="Cluster" />
      <item value="synthesize" />
      <item value="A comparison function," />
      <item value="expiration Time" />
      <item value="Returns the product of the arguments, throwing an exception if the result overflows an int." />
      <item value="Returns a floating-point power of two in the normal range." />
      <item value="assistant Id" />
      <item value="DELIVER" />
      <item value="SHELF" />
      <item value="OFF SHELF" />
      <item value="已删除" />
    </histories>
    <option name="languageScores">
      <map>
        <entry key="CHINESE" value="100" />
        <entry key="ENGLISH" value="100" />
        <entry key="FRENCH" value="1" />
        <entry key="GREEK" value="1" />
        <entry key="JAPANESE" value="5" />
      </map>
    </option>
  </component>
</application>